{
    "rmse": 0.8036600250053672,
    "mae": 0.659430268091681,
    "r2": 0.025673632783523193
}