{
    "rmse": 0.7938628054523854,
    "mae": 0.6501611469929923,
    "r2": 0.04928437483362935
}